,imagem,Hprojection,Hough,Fourier,Esperado,index_img,Mediana,Media,Moda,erro_mediana,erro_media,erro_moda
0,50646501-6511.page_3..png,-8,82.0,84.0,-83,0,82.0,53.0,83.0,89.0,60.0,0.0
1,50448615-8615.page_0..png,-86,4.0,3.0,-4,1,3.0,-26.0,3.5,89.0,60.0,89.5
2,71989648.page_0..png,-36,54.0,55.0,-54,2,54.0,24.0,54.5,0.0,60.0,0.5
3,2057444860.page_0..png,-68,-67.0,-69.0,68,3,-68.0,-68.0,-68.0,0.0,0.0,0.0
4,0060200963.page_1..png,-40,-40.0,51.0,-50,4,-40.0,-10.0,5.5,0.0,30.0,45.5
5,2040279787.page_0..png,-7,-7.0,-6.0,7,5,-7.0,-7.0,-6.5,0.0,0.0,0.5
6,80221250_80221251.page_0..png,-36,54.0,55.0,-54,6,54.0,24.0,54.5,0.0,60.0,0.5
7,50117087-7087.page_0..png,-35,-35.0,-34.0,35,7,-35.0,-35.0,-34.5,0.0,0.0,0.5
8,527967642+-7643.page_0..png,-75,-75.0,-78.0,75,8,-75.0,-76.0,-76.5,0.0,89.0,88.5
9,0000242151.page_0..png,-56,34.0,36.0,56,9,34.0,5.0,35.0,0.0,61.0,1.0
10,2051141349.page_0..png,-68,-67.0,-66.0,-23,10,-67.0,-67.0,-66.5,0.0,0.0,0.5
11,517005649+-5685.page_8..png,-21,-21.0,-24.0,-69,11,-21.0,-22.0,-22.5,0.0,89.0,88.5
12,tob07321.87.page_0..png,-68,-67.0,20.0,-22,12,-67.0,-38.0,-23.5,1.0,30.0,44.5
13,510281858.page_0..png,-60,-60.0,32.0,60,13,-60.0,-29.0,-14.0,0.0,31.0,46.0
14,2071906594_6597.page_0..png,-43,47.0,48.0,-47,14,47.0,17.0,47.5,0.0,60.0,0.5
15,2040279807.page_0..png,-75,15.0,14.0,-15,15,14.0,-15.0,14.5,89.0,60.0,89.5
16,50083272_50083289.page_8..png,-77,-77.0,-79.0,77,16,-77.0,-78.0,-78.0,0.0,89.0,89.0
17,1002968870_8891.page_3..png,-84,-84.0,-86.0,84,17,-84.0,-85.0,-85.0,0.0,89.0,89.0
18,514132976_514132982.page_0..png,-13,-13.0,75.0,13,18,-13.0,16.0,31.0,0.0,29.0,44.0
19,2076861386_1388.page_1..png,-29,-29.0,-27.0,29,19,-29.0,-28.0,-28.0,0.0,1.0,1.0
20,0000966856.page_1..png,-11,79.0,81.0,-79,20,79.0,50.0,80.0,0.0,61.0,1.0
21,2505377202_7236.page_8..png,-26,-46.0,66.0,-64,21,-26.0,-2.0,10.0,0.0,24.0,36.0
22,89803142_3163.page_9..png,-86,4.0,4.0,-4,22,4.0,-26.0,4.0,0.0,60.0,0.0
23,0001480347.page_3..png,-90,0.0,-1.0,0,23,-1.0,-30.0,-0.5,89.0,60.0,89.5
24,2084346234_6236.page_2..png,-40,-40.0,-40.0,41,24,-40.0,-40.0,-40.0,1.0,1.0,1.0
25,2064968671_8678.page_7..png,-76,13.0,11.0,-13,25,11.0,-17.0,12.0,88.0,60.0,89.0
26,501621607_501621614.page_6..png,-73,-72.0,-75.0,73,26,-73.0,-73.0,-73.5,0.0,0.0,89.5
27,85635457_85635463.page_1..png,-52,-52.0,-53.0,52,27,-52.0,-52.0,-52.5,0.0,0.0,89.5
28,2072388975c.page_0..png,-16,-16.0,-14.0,16,28,-16.0,-15.0,-15.0,0.0,1.0,1.0
29,0060169506.page_1..png,-26,-26.0,62.0,26,29,-26.0,3.0,18.0,0.0,29.0,44.0
30,2505914920_4952.page_8..png,0,-89.0,1.0,-1,30,0.0,-29.0,-44.0,89.0,60.0,45.0
31,527926125+-6126.page_0..png,-3,86.0,88.0,-87,31,86.0,57.0,87.0,89.0,60.0,0.0
32,50562621-2627.page_6..png,-70,-70.0,-73.0,70,32,-70.0,-71.0,-71.5,0.0,89.0,88.5
33,tob04212.88_tob04213.01.page_5..png,-19,-17.0,69.0,19,33,-17.0,11.0,26.0,2.0,30.0,45.0
34,50717440-7446.page_1..png,-20,69.0,72.0,-70,34,69.0,40.0,70.5,89.0,60.0,0.5
35,2060308049.page_0..png,-60,-59.0,-62.0,59,35,-60.0,-60.0,-60.5,89.0,89.0,88.5
36,2022147401_2022147402.page_1..png,-31,-31.0,-29.0,31,36,-31.0,-30.0,-30.0,0.0,1.0,1.0
37,2070650443.page_0..png,-33,-33.0,-32.0,33,37,-33.0,-33.0,-32.5,0.0,0.0,0.5
38,0001448657.page_4..png,-2,87.0,-3.0,-88,38,-2.0,27.0,42.0,0.0,29.0,44.0
39,528936961+-6984.page_6..png,-16,-16.0,-19.0,-74,39,-16.0,-17.0,-17.5,0.0,89.0,88.5
40,0060099783.page_0..png,-12,-15.0,-14.0,16,40,-14.0,-14.0,-14.5,2.0,2.0,1.5
41,509519820_509519824.page_2..png,-6,-6.0,83.0,6,41,-6.0,24.0,38.5,0.0,30.0,44.5
42,528408942+-8948.page_6..png,-42,-42.0,-42.0,42,42,-42.0,-42.0,-42.0,0.0,0.0,0.0
43,0012190945.page_2..png,-16,-15.0,72.0,16,43,-15.0,14.0,28.5,1.0,30.0,44.5
44,80409639_9803.page_6..png,-53,-54.0,36.0,-37,44,-53.0,-24.0,-9.0,0.0,29.0,44.0
45,517005649+-5685.page_4..png,-1,-1.0,89.0,-89,45,-1.0,29.0,44.0,0.0,30.0,45.0
46,00116384_00116385.page_0..png,-3,87.0,88.0,-87,46,87.0,57.0,87.5,0.0,60.0,0.5
47,98875233.page_0..png,-71,18.0,17.0,-19,47,17.0,-12.0,17.5,88.0,59.0,88.5
48,50083272_50083289.page_4..png,-42,48.0,49.0,-48,48,48.0,18.0,48.5,0.0,60.0,0.5
49,2071595566_5589.page_1..png,-30,60.0,62.0,-60,49,60.0,31.0,61.0,0.0,61.0,1.0
50,1003813838_3847.page_7..png,-64,26.0,25.0,-26,50,25.0,-4.0,25.5,89.0,60.0,89.5
51,2040279820.page_0..png,-3,86.0,86.0,3,51,86.0,56.0,86.0,89.0,59.0,89.0
52,2074945736_5737.page_1..png,-45,-45.0,-45.0,45,52,-45.0,-45.0,-45.0,0.0,0.0,0.0
53,0060153778.page_2..png,-73,-72.0,20.0,73,53,-72.0,-42.0,-26.0,1.0,31.0,47.0
54,504231244_504231261.page_3..png,-47,43.0,-47.0,-43,54,-47.0,-17.0,-2.0,0.0,30.0,45.0
55,0000976672.page_6..png,-54,36.0,-53.0,-36,55,-53.0,-24.0,-8.5,1.0,30.0,45.5
56,0000406396.page_0..png,-32,58.0,57.0,32,56,57.0,28.0,57.5,89.0,60.0,89.5
57,88480530_0531.page_1..png,-73,17.0,16.0,-18,57,16.0,-13.0,16.5,88.0,59.0,88.5
58,1003365388.page_0..png,-77,13.0,11.0,-13,58,11.0,-18.0,12.0,88.0,59.0,89.0
59,528679625+-9627.page_1..png,-27,-27.0,-25.0,27,59,-27.0,-26.0,-26.0,0.0,1.0,1.0
60,0000512254.page_0..png,-60,30.0,32.0,60,60,30.0,1.0,31.0,0.0,61.0,1.0
61,514986978_514986984.page_0..png,-42,-42.0,-42.0,43,61,-42.0,-42.0,-42.0,1.0,1.0,1.0
62,1003365394.page_0..png,-62,-62.0,-64.0,62,62,-62.0,-63.0,-63.0,0.0,89.0,89.0
63,87252060_87252076.page_3..png,-61,-60.0,-59.0,-29,63,-60.0,-60.0,-59.5,1.0,1.0,1.5
64,2505377202_7236.page_4..png,-71,26.0,22.0,71,64,22.0,-8.0,24.0,3.0,63.0,5.0
65,89803142_3163.page_5..png,-31,59.0,61.0,-59,65,59.0,30.0,60.0,0.0,61.0,1.0
66,0011978671.page_2..png,-34,-35.0,-36.0,36,66,-35.0,-35.0,-35.5,1.0,1.0,0.5
67,2046976506_6507.page_0..png,-37,54.0,52.0,37,67,52.0,23.0,53.0,89.0,60.0,0.0
68,503753937_503753955.page_3..png,-60,-60.0,-62.0,60,68,-60.0,-61.0,-61.0,0.0,89.0,89.0
69,2057427333.page_0..png,-31,-31.0,-30.0,31,69,-31.0,-31.0,-30.5,0.0,0.0,0.5
70,50435896-5896.page_0..png,-48,42.0,42.0,-40,70,42.0,12.0,42.0,2.0,62.0,2.0
71,0000146964.page_2..png,-29,-29.0,59.0,29,71,-29.0,0.0,15.0,0.0,29.0,44.0
72,520559380+-9412.page_3..png,-7,-7.0,-9.0,-83,72,-7.0,-8.0,-8.0,0.0,89.0,89.0
73,2057226604_2057226625.page_7..png,-10,79.0,81.0,-79,73,79.0,50.0,80.0,0.0,61.0,1.0
74,2040794229.page_0..png,-66,-66.0,-64.0,-24,74,-66.0,-65.0,-65.0,0.0,1.0,1.0
75,2040168596-a.page_0..png,-69,21.0,19.0,-20,75,19.0,-10.0,20.0,89.0,60.0,0.0
76,2040279792.page_0..png,-88,-88.0,3.0,88,76,-88.0,-58.0,-42.5,0.0,30.0,45.5
77,1001760084.page_0..png,-88,-88.0,-89.0,88,77,-88.0,-88.0,-88.5,0.0,0.0,89.5
78,tob04212.88_tob04213.01.page_9..png,-64,-62.0,28.0,64,78,-62.0,-33.0,-17.0,2.0,31.0,47.0
79,0011566484.page_0..png,-62,28.0,26.0,-27,79,26.0,-3.0,27.0,89.0,60.0,0.0
80,2015029497_2015029502.page_5..png,-62,-61.0,-63.0,62,80,-62.0,-62.0,-62.0,0.0,0.0,0.0
81,0001462717.page_0..png,-54,36.0,-53.0,-36,81,-53.0,-24.0,-8.5,1.0,30.0,45.5
82,2028672103.page_0..png,-17,73.0,76.0,-74,82,73.0,44.0,74.5,89.0,60.0,0.5
83,2040279812.page_0..png,-28,62.0,64.0,-62,83,62.0,33.0,63.0,0.0,61.0,1.0
84,2505914920_4952.page_4..png,-35,54.0,54.0,35,84,54.0,24.0,54.0,89.0,59.0,89.0
85,1001760079.page_0..png,-20,-20.0,-19.0,20,85,-20.0,-20.0,-19.5,0.0,0.0,0.5
86,2060308055.page_0..png,-61,-61.0,-63.0,62,86,-61.0,-62.0,-62.0,1.0,0.0,0.0
87,0001462717.page_1..png,-69,-68.0,24.0,69,87,-68.0,-38.0,-22.0,1.0,31.0,47.0
88,2505914920_4952.page_5..png,-25,-25.0,-28.0,-65,88,-25.0,-26.0,-26.5,0.0,89.0,88.5
89,500291652+-1654.page_2..png,-54,35.0,34.0,-36,89,34.0,5.0,34.5,88.0,59.0,88.5
90,tob04212.88_tob04213.01.page_8..png,-68,23.0,22.0,-22,90,22.0,-8.0,22.5,0.0,60.0,0.5
91,0011566484.page_1..png,-57,33.0,32.0,-33,91,32.0,3.0,32.5,89.0,60.0,89.5
92,2015029497_2015029502.page_4..png,-44,46.0,47.0,-46,92,46.0,16.0,46.5,0.0,60.0,0.5
93,2071863223a.page_0..png,-10,-10.0,-9.0,10,93,-10.0,-10.0,-9.5,0.0,0.0,0.5
94,520559380+-9412.page_2..png,-53,37.0,-54.0,53,94,-53.0,-23.0,-8.5,0.0,30.0,44.5
95,2074568335.page_0..png,-78,-77.0,-75.0,-12,95,-77.0,-77.0,-76.0,1.0,1.0,2.0
96,2057226604_2057226625.page_6..png,-86,5.0,5.0,-4,96,5.0,-25.0,5.0,1.0,61.0,1.0
97,503753937_503753955.page_2..png,-16,-16.0,-15.0,16,97,-16.0,-16.0,-15.5,0.0,0.0,0.5
98,2040794230.page_0..png,-50,-50.0,-50.0,-40,98,-50.0,-50.0,-50.0,0.0,0.0,0.0
99,0011985349.page_0..png,-18,72.0,74.0,-72,99,72.0,43.0,73.0,0.0,61.0,1.0
100,0012211124.page_0..png,-74,-73.0,-76.0,74,100,-74.0,-74.0,-74.5,0.0,0.0,89.5
101,2046976506_6507.page_1..png,-44,45.0,46.0,45,101,45.0,16.0,45.5,0.0,61.0,0.5
102,87252060_87252076.page_2..png,-15,-14.0,73.0,16,102,-14.0,15.0,29.5,2.0,31.0,45.5
103,2505377202_7236.page_5..png,-29,-29.0,-28.0,29,103,-29.0,-29.0,-28.5,0.0,0.0,0.5
104,2028977083.page_0..png,-61,29.0,31.0,61,104,29.0,-0.0,30.0,0.0,61.0,1.0
105,2070135716.page_0..png,-35,-35.0,-34.0,35,105,-35.0,-35.0,-34.5,0.0,0.0,0.5
106,89803142_3163.page_4..png,-1,89.0,89.0,-89,106,89.0,59.0,89.0,0.0,60.0,0.0
107,tnwl0046747.page_0..png,-69,21.0,19.0,-21,107,19.0,-10.0,20.0,88.0,59.0,89.0
108,0000512254.page_1..png,-53,-52.0,39.0,52,108,-52.0,-22.0,-6.5,0.0,30.0,45.5
109,514986978_514986984.page_1..png,-78,-77.0,-80.0,78,109,-78.0,-78.0,-78.5,0.0,0.0,89.5
110,0000406396.page_1..png,-3,-2.0,86.0,3,110,-2.0,27.0,42.0,1.0,30.0,45.0
111,88480530_0531.page_0..png,-23,-23.0,-22.0,23,111,-23.0,-23.0,-22.5,0.0,0.0,0.5
112,2073893492.page_0..png,-7,83.0,81.0,7,112,81.0,52.0,82.0,88.0,59.0,89.0
113,2060308050.page_0..png,-81,9.0,8.0,-9,113,8.0,-21.0,8.5,89.0,60.0,89.5
114,528679625+-9627.page_0..png,-15,-15.0,-13.0,15,114,-15.0,-14.0,-14.0,0.0,1.0,1.0
115,2040279817.page_0..png,-58,32.0,33.0,58,115,32.0,2.0,32.5,0.0,60.0,0.5
116,2074945736_5737.page_0..png,-21,-21.0,-20.0,21,116,-21.0,-21.0,-20.5,0.0,0.0,0.5
117,1001760081.page_0..png,-55,-55.0,34.0,-35,117,-55.0,-25.0,-10.5,0.0,30.0,44.5
118,504231244_504231261.page_2..png,-50,-51.0,-51.0,50,118,-51.0,-51.0,-51.0,89.0,89.0,89.0
119,0000976672.page_7..png,-59,31.0,-57.0,-31,119,-57.0,-28.0,-13.0,2.0,31.0,46.0
120,50083272_50083289.page_5..png,-81,9.0,8.0,-9,120,8.0,-21.0,8.5,89.0,60.0,89.5
121,2084030340a.page_0..png,-47,-47.0,-48.0,47,121,-47.0,-47.0,-47.5,0.0,0.0,89.5
122,2071595566_5589.page_0..png,-70,-70.0,23.0,70,122,-70.0,-39.0,-23.5,0.0,31.0,46.5
123,1003813838_3847.page_6..png,-79,-78.0,-81.0,79,123,-79.0,-79.0,-79.5,0.0,0.0,89.5
124,2040279797.page_0..png,-69,21.0,19.0,-21,124,19.0,-10.0,20.0,88.0,59.0,89.0
125,0060173048.page_2..png,-75,-74.0,-77.0,75,125,-75.0,-75.0,-75.5,0.0,0.0,89.5
126,00116384_00116385.page_1..png,-80,10.0,9.0,-10,126,9.0,-20.0,9.5,89.0,60.0,89.5
127,517005649+-5685.page_5..png,-75,-74.0,-73.0,-15,127,-74.0,-74.0,-73.5,1.0,1.0,1.5
128,2057427336.page_0..png,-43,47.0,48.0,-47,128,47.0,17.0,47.5,0.0,60.0,0.5
129,2505570035_0037.page_2..png,-43,47.0,48.0,-47,129,47.0,17.0,47.5,0.0,60.0,0.5
130,0060099783.page_1..png,-70,24.0,-69.0,66,130,-69.0,-38.0,-22.5,87.0,28.0,43.5
131,509519820_509519824.page_3..png,-24,65.0,68.0,-66,131,65.0,36.0,66.5,89.0,60.0,0.5
132,0012190945.page_3..png,-64,-64.0,-67.0,65,132,-64.0,-65.0,-65.5,1.0,0.0,89.5
133,80409639_9803.page_7..png,-17,-18.0,-16.0,17,133,-17.0,-17.0,-17.0,0.0,0.0,0.0
134,0001448657.page_5..png,-71,19.0,17.0,-19,134,17.0,-12.0,18.0,88.0,59.0,89.0
135,528936961+-6984.page_7..png,-53,-53.0,-52.0,-37,135,-53.0,-53.0,-52.5,0.0,0.0,0.5
136,0071030579.page_0..png,-11,-11.0,77.0,11,136,-11.0,18.0,33.0,0.0,29.0,44.0
137,2022147401_2022147402.page_0..png,-69,-68.0,-71.0,69,137,-69.0,-69.0,-69.5,0.0,0.0,89.5
138,1003365391.page_0..png,-52,37.0,37.0,-38,138,37.0,7.0,37.0,89.0,59.0,89.0
139,50205554-5554.page_0..png,-41,-41.0,-41.0,41,139,-41.0,-41.0,-41.0,0.0,0.0,0.0
140,50717440-7446.page_0..png,-52,38.0,37.0,-38,140,37.0,8.0,37.5,89.0,60.0,89.5
141,tob04212.88_tob04213.01.page_4..png,-89,-87.0,2.0,89,141,-87.0,-58.0,-42.5,2.0,31.0,46.5
142,0001241450.page_0..png,-35,-35.0,53.0,36,142,-35.0,-6.0,9.0,1.0,30.0,45.0
143,0060169506.page_0..png,-59,-59.0,-61.0,59,143,-59.0,-60.0,-60.0,0.0,89.0,89.0
144,2505914920_4952.page_9..png,-20,70.0,-22.0,-71,144,-20.0,9.0,24.0,89.0,28.0,43.0
145,527926125+-6126.page_1..png,-84,-84.0,-85.0,84,145,-84.0,-84.0,-84.5,0.0,0.0,89.5
146,50155115-5121.page_6..png,-9,-9.0,-8.0,9,146,-9.0,-9.0,-8.5,0.0,0.0,0.5
147,85635457_85635463.page_0..png,-89,-89.0,-89.0,89,147,-89.0,-89.0,-89.0,0.0,0.0,0.0
148,2075486450.page_0..png,-14,76.0,78.0,-76,148,76.0,47.0,77.0,0.0,61.0,1.0
149,10122582.page_0..png,-34,-32.0,-31.0,33,149,-32.0,-32.0,-31.5,1.0,1.0,1.5
150,1003365384.page_0..png,-89,-89.0,-89.0,89,150,-89.0,-89.0,-89.0,0.0,0.0,0.0
151,91266777.page_0..png,-28,62.0,-83.0,-63,151,-28.0,-16.0,-10.5,89.0,11.0,16.5
152,501621607_501621614.page_7..png,-33,-33.0,-32.0,33,152,-33.0,-33.0,-32.5,0.0,0.0,0.5
153,2040279802.page_0..png,-3,86.0,87.0,-87,153,86.0,57.0,86.5,89.0,60.0,89.5
154,60008175.page_0..png,-21,69.0,70.0,-69,154,69.0,39.0,69.5,0.0,60.0,0.5
155,2064968671_8678.page_6..png,-32,57.0,60.0,-58,155,57.0,28.0,58.5,89.0,60.0,0.5
156,71122664.page_4..png,-81,-80.0,-79.0,-9,156,-80.0,-80.0,-79.5,1.0,1.0,1.5
157,500451932.page_0..png,-41,50.0,-42.0,-49,157,-41.0,-11.0,4.0,0.0,30.0,45.0
158,2040279782.page_0..png,-48,-48.0,-49.0,48,158,-48.0,-48.0,-48.5,0.0,0.0,89.5
159,0001480347.page_2..png,-23,-23.0,-21.0,23,159,-23.0,-22.0,-22.0,0.0,1.0,1.0
160,2505377202_7236.page_9..png,-3,-3.0,-3.0,3,160,-3.0,-3.0,-3.0,0.0,0.0,0.0
161,89803142_3163.page_8..png,-14,-14.0,-12.0,14,161,-14.0,-13.0,-13.0,0.0,1.0,1.0
162,2040794225.page_0..png,-5,-5.0,-7.0,-85,162,-5.0,-6.0,-6.0,0.0,89.0,89.0
163,2073874388.page_0..png,-37,53.0,55.0,-54,163,53.0,24.0,54.0,89.0,60.0,0.0
164,0000966856.page_0..png,-16,-15.0,-14.0,16,164,-15.0,-15.0,-14.5,1.0,1.0,1.5
165,1002968870_8891.page_2..png,-48,-47.0,-48.0,47,165,-48.0,-48.0,-47.5,89.0,89.0,89.5
166,514132976_514132982.page_1..png,-71,19.0,-69.0,-19,166,-69.0,-40.0,-25.0,2.0,31.0,46.0
167,2076861386_1388.page_0..png,-22,-22.0,-20.0,22,167,-22.0,-21.0,-21.0,0.0,1.0,1.0
168,2040918630.page_0..png,-84,7.0,5.0,-4,168,5.0,-24.0,6.0,1.0,62.0,2.0
169,2060308059.page_0..png,-78,-78.0,10.0,-12,169,-78.0,-49.0,-34.0,0.0,29.0,44.0
170,1001760075.page_0..png,-52,-52.0,-53.0,52,170,-52.0,-52.0,-52.5,0.0,0.0,89.5
171,50083272_50083289.page_9..png,-28,61.0,63.0,-62,171,61.0,32.0,62.0,89.0,60.0,0.0
172,2071906594_6597.page_1..png,-25,65.0,67.0,-65,172,65.0,36.0,66.0,0.0,61.0,1.0
173,2028590024.page_0..png,-67,23.0,21.0,-23,173,21.0,-8.0,22.0,88.0,59.0,89.0
174,2079127912.page_0..png,-71,-44.0,45.0,44,174,-44.0,-23.0,0.5,0.0,21.0,44.5
175,0000242151.page_1..png,-46,-45.0,45.0,-45,175,-45.0,-15.0,0.0,0.0,30.0,45.0
176,517005649+-5685.page_9..png,-78,12.0,-80.0,78,176,-78.0,-49.0,-34.0,0.0,29.0,44.0
177,500946004.page_0..png,-21,-20.0,66.0,22,177,-20.0,8.0,23.0,2.0,30.0,45.0
178,0060200963.page_0..png,-13,-12.0,-11.0,13,178,-12.0,-12.0,-11.5,1.0,1.0,1.5
179,0000289299.page_0..png,-82,8.0,7.0,-8,179,7.0,-22.0,7.5,89.0,60.0,89.5
180,88971736.page_0..png,-64,-63.0,29.0,64,180,-63.0,-33.0,-17.0,1.0,31.0,47.0
181,80221250_80221251.page_1..png,-62,-61.0,-60.0,-28,181,-61.0,-61.0,-60.5,1.0,1.0,1.5
182,527967642+-7643.page_1..png,-9,-9.0,-8.0,9,182,-9.0,-9.0,-8.5,0.0,0.0,0.5
183,50646501-6511.page_2..png,-66,-65.0,-68.0,67,183,-66.0,-66.0,-66.5,1.0,1.0,0.5
184,71989648.page_1..png,-80,-80.0,-81.0,80,184,-80.0,-80.0,-80.5,0.0,0.0,89.5
185,2042847651_7652.page_0..png,-79,11.0,-77.0,-11,185,-77.0,-48.0,-33.0,2.0,31.0,46.0
186,0001246471.page_1..png,-79,-80.0,14.0,79,186,-79.0,-48.0,-33.0,0.0,31.0,46.0
187,2020238257.page_0..png,-2,-3.0,-2.0,3,187,-2.0,-2.0,-2.5,1.0,1.0,0.5
188,50646501-6511.page_9..png,-32,-32.0,-31.0,32,188,-32.0,-32.0,-31.5,0.0,0.0,0.5
189,0071012752.page_1..png,-51,-51.0,40.0,51,189,-51.0,-21.0,-5.5,0.0,30.0,45.5
190,528936961+-6984.page_0..png,-29,-29.0,59.0,29,190,-29.0,0.0,15.0,0.0,29.0,44.0
191,0001448657.page_2..png,-34,55.0,-36.0,-56,191,-34.0,-5.0,9.5,0.0,29.0,43.5
192,93805146_5147.page_0..png,-50,40.0,40.0,-40,192,40.0,10.0,40.0,0.0,60.0,0.0
193,509519820_509519824.page_4..png,-5,-5.0,84.0,5,193,-5.0,25.0,39.5,0.0,30.0,44.5
194,80409639_9803.page_0..png,-12,78.0,-10.0,11,194,-10.0,19.0,34.0,1.0,30.0,45.0
195,502652426.page_0..png,0,75.0,74.0,14,195,74.0,50.0,74.5,88.0,64.0,88.5
196,528408942+-8948.page_0..png,-22,68.0,70.0,-68,196,68.0,39.0,69.0,0.0,61.0,1.0
197,0012190945.page_4..png,-2,-1.0,-1.0,2,197,-1.0,-1.0,-1.0,1.0,1.0,1.0
198,517005649+-5685.page_2..png,-62,28.0,-64.0,62,198,-62.0,-33.0,-18.0,0.0,29.0,44.0
199,10376943.page_0..png,-82,8.0,7.0,-8,199,7.0,-22.0,7.5,89.0,60.0,89.5
200,1002968870_8891.page_9..png,-67,23.0,21.0,-23,200,21.0,-8.0,22.0,88.0,59.0,89.0
201,502288975+-8975.page_0..png,-10,-10.0,78.0,10,201,-10.0,19.0,34.0,0.0,29.0,44.0
202,2056446229_6230.page_1..png,-70,20.0,18.0,-20,202,18.0,-11.0,19.0,88.0,59.0,89.0
203,50083272_50083289.page_2..png,-24,-24.0,-22.0,24,203,-24.0,-23.0,-23.0,0.0,1.0,1.0
204,2071595566_5589.page_7..png,-33,-33.0,-32.0,33,204,-33.0,-33.0,-32.5,0.0,0.0,0.5
205,2040794226.page_0..png,-5,-4.0,-6.0,-86,205,-5.0,-5.0,-5.0,89.0,89.0,89.0
206,1003813838_3847.page_1..png,-23,66.0,69.0,-67,206,66.0,37.0,67.5,89.0,60.0,0.5
207,504231244_504231261.page_5..png,-2,86.0,-3.0,-88,207,-2.0,27.0,41.5,0.0,29.0,43.5
208,1001760076.page_0..png,-35,-35.0,57.0,-56,208,-35.0,-4.0,11.0,89.0,30.0,45.0
209,0000976672.page_0..png,-53,37.0,-52.0,-37,209,-52.0,-23.0,-7.5,1.0,30.0,45.5
210,82404700_4701.page_0..png,-32,58.0,60.0,-58,210,58.0,29.0,59.0,0.0,61.0,1.0
211,514986978_514986984.page_6..png,-2,-2.0,-2.0,2,211,-2.0,-2.0,-2.0,0.0,0.0,0.0
212,503456952_503456953.page_1..png,-56,-55.0,-57.0,56,212,-56.0,-56.0,-56.0,0.0,0.0,0.0
213,0001480347.page_9..png,-57,32.0,32.0,-33,213,32.0,2.0,32.0,89.0,59.0,89.0
214,2505377202_7236.page_2..png,-33,-33.0,-32.0,33,214,-33.0,-33.0,-32.5,0.0,0.0,0.5
215,2040279801.page_0..png,-69,21.0,19.0,-21,215,19.0,-10.0,20.0,88.0,59.0,89.0
216,87252060_87252076.page_5..png,-6,-5.0,82.0,7,216,-5.0,24.0,38.5,2.0,31.0,45.5
217,2022215580_5581.page_1..png,-62,28.0,-60.0,-28,217,-60.0,-31.0,-16.0,2.0,31.0,46.0
218,517545270+-5273.page_3..png,-27,-27.0,65.0,-63,218,-27.0,4.0,19.0,0.0,31.0,46.0
219,2082418344.page_0..png,-76,14.0,-78.0,76,219,-76.0,-47.0,-32.0,0.0,29.0,44.0
220,89803142_3163.page_3..png,-10,-10.0,-8.0,10,220,-10.0,-9.0,-9.0,0.0,1.0,1.0
221,2040279781.page_0..png,-17,72.0,75.0,-73,221,72.0,43.0,73.5,89.0,60.0,0.5
222,503753937_503753955.page_5..png,-28,-29.0,-30.0,-62,222,-29.0,-29.0,-29.5,89.0,89.0,88.5
223,2505112508_2509.page_1..png,-82,8.0,7.0,-8,223,7.0,-22.0,7.5,89.0,60.0,89.5
224,92660745.page_0..png,-15,-15.0,-13.0,15,224,-15.0,-14.0,-14.0,0.0,1.0,1.0
225,520559380+-9412.page_5..png,-79,-79.0,-81.0,79,225,-79.0,-80.0,-80.0,0.0,89.0,89.0
226,2057226604_2057226625.page_1..png,-27,-28.0,60.0,28,226,-27.0,2.0,16.0,1.0,30.0,44.0
227,528804615+-4616.page_1..png,-83,-83.0,9.0,83,227,-83.0,-52.0,-37.0,0.0,31.0,46.0
228,1003365387.page_0..png,-49,-49.0,-49.0,49,228,-49.0,-49.0,-49.0,0.0,0.0,0.0
229,2015029497_2015029502.page_3..png,-9,80.0,82.0,-81,229,80.0,51.0,81.0,89.0,60.0,0.0
230,2505914920_4952.page_2..png,-72,-71.0,-69.0,-19,230,-71.0,-71.0,-70.0,0.0,0.0,1.0
231,2078798402d.page_0..png,-9,80.0,82.0,-80,231,80.0,51.0,81.0,0.0,61.0,1.0
232,50646501-6511.page_5..png,-61,29.0,27.0,-28,232,27.0,-2.0,28.0,89.0,60.0,0.0
233,0011845782.page_0..png,-41,48.0,-42.0,-49,233,-41.0,-12.0,3.0,0.0,29.0,44.0
234,0060347663.page_1..png,-34,-32.0,-33.0,34,234,-33.0,-33.0,-32.5,1.0,1.0,1.5
235,2057427335.page_0..png,-3,87.0,88.0,-87,235,87.0,57.0,87.5,0.0,60.0,0.5
236,0060033183.page_0..png,-51,-51.0,38.0,-39,236,-51.0,-21.0,-6.5,0.0,30.0,44.5
237,514871562+-1562.page_0..png,-71,-70.0,22.0,71,237,-70.0,-40.0,-24.0,1.0,31.0,47.0
238,1003365392.page_0..png,-86,-86.0,-87.0,86,238,-86.0,-86.0,-86.5,0.0,0.0,89.5
239,82233851_3852.page_1..png,-2,88.0,89.0,-88,239,88.0,58.0,88.5,0.0,60.0,0.5
240,518609966+-9970.page_0..png,-11,79.0,81.0,-79,240,79.0,50.0,80.0,0.0,61.0,1.0
241,506613724+-3725.page_0..png,-17,71.0,75.0,-73,241,71.0,43.0,73.0,88.0,60.0,0.0
242,2046761146.page_0..png,-42,-41.0,-43.0,-48,242,-42.0,-42.0,-42.0,0.0,0.0,0.0
243,0012190945.page_8..png,-48,-47.0,43.0,48,243,-47.0,-17.0,-2.0,1.0,31.0,46.0
244,0011852577.page_0..png,-34,56.0,-36.0,-56,244,-34.0,-5.0,10.0,0.0,29.0,44.0
245,1001760082.page_0..png,-52,-52.0,-54.0,52,245,-52.0,-53.0,-53.0,0.0,89.0,89.0
246,514132976_514132982.page_6..png,-6,84.0,83.0,6,246,83.0,54.0,83.5,89.0,60.0,89.5
247,2040279814.page_0..png,-4,85.0,87.0,-86,247,85.0,56.0,86.0,89.0,60.0,0.0
248,1002968870_8891.page_5..png,-33,-34.0,-33.0,33,248,-33.0,-33.0,-33.5,0.0,0.0,89.5
249,2060308053.page_0..png,0,89.0,90.0,90,249,89.0,60.0,89.5,89.0,60.0,89.5
250,0060126263.page_2..png,-61,-61.0,-63.0,61,250,-61.0,-62.0,-62.0,0.0,89.0,89.0
251,504231244_504231261.page_9..png,-56,33.0,-55.0,-34,251,-55.0,-26.0,-11.0,1.0,30.0,45.0
252,2040279794.page_0..png,-8,82.0,83.0,-82,252,82.0,52.0,82.5,0.0,60.0,0.5
253,2026370886.page_0..png,-78,-78.0,14.0,77,253,-78.0,-47.0,-32.0,89.0,30.0,45.0
254,2071137850_7851.page_0..png,-52,38.0,39.0,52,254,38.0,8.0,38.5,0.0,60.0,0.5
255,87252060_87252076.page_9..png,-26,-25.0,68.0,-64,255,-25.0,6.0,21.5,1.0,32.0,47.5
256,0001441659.page_0..png,-22,67.0,70.0,-67,256,67.0,38.0,68.5,0.0,61.0,1.5
257,2023282942.page_0..png,-42,-43.0,36.0,44,257,-42.0,-16.0,-3.5,2.0,28.0,40.5
258,2040279788.page_0..png,-25,-25.0,-23.0,25,258,-25.0,-24.0,-24.0,0.0,1.0,1.0
259,0001480347.page_5..png,-87,-87.0,4.0,87,259,-87.0,-57.0,-41.5,0.0,30.0,45.5
260,503753937_503753955.page_9..png,-8,81.0,83.0,-82,260,81.0,52.0,82.0,89.0,60.0,0.0
261,0000022529.page_1..png,-77,13.0,11.0,-13,261,11.0,-18.0,12.0,88.0,59.0,89.0
262,71122664.page_3..png,-28,62.0,60.0,28,262,60.0,31.0,61.0,88.0,59.0,89.0
263,2064968671_8678.page_1..png,-74,17.0,15.0,-17,263,15.0,-14.0,16.0,88.0,59.0,89.0
264,2040279808.page_0..png,-88,2.0,2.0,-2,264,2.0,-28.0,2.0,0.0,60.0,0.0
265,0060251182.page_0..png,-38,52.0,53.0,-52,265,52.0,22.0,52.5,0.0,60.0,0.5
266,01121672_01121674.page_2..png,-8,82.0,83.0,-82,266,82.0,52.0,82.5,0.0,60.0,0.5
267,501621607_501621614.page_0..png,-44,46.0,46.0,-46,267,46.0,16.0,46.0,0.0,60.0,0.0
268,2083774080.page_0..png,-39,-39.0,-40.0,-51,268,-39.0,-39.0,-39.5,0.0,0.0,89.5
269,2051509780_2051509782.page_1..png,-89,3.0,3.0,6,269,3.0,-28.0,3.0,9.0,68.0,9.0
270,527975302+-5302.page_0..png,-82,8.0,-80.0,-8,270,-80.0,-51.0,-36.0,2.0,31.0,46.0
271,520559380+-9412.page_9..png,-48,-48.0,-48.0,-42,271,-48.0,-48.0,-48.0,0.0,0.0,0.0
272,50155115-5121.page_1..png,-17,73.0,75.0,-73,272,73.0,44.0,74.0,0.0,61.0,1.0
273,502269065_502269067.page_1..png,-83,-83.0,9.0,83,273,-83.0,-52.0,-37.0,0.0,31.0,46.0
274,50562621-2627.page_0..png,-84,-83.0,-85.0,84,274,-84.0,-84.0,-84.0,0.0,0.0,0.0
275,tob04212.88_tob04213.01.page_3..png,-24,-22.0,64.0,24,275,-22.0,6.0,21.0,2.0,30.0,45.0
276,2063927529_7531.page_0..png,-8,81.0,83.0,-81,276,81.0,52.0,82.0,0.0,61.0,1.0
277,50562621-2627.page_1..png,-74,16.0,14.0,-16,277,14.0,-15.0,15.0,88.0,59.0,89.0
278,2040279791.page_0..png,-52,-52.0,-51.0,-38,278,-52.0,-52.0,-51.5,0.0,0.0,0.5
279,50717440-7446.page_6..png,-55,34.0,34.0,-35,279,34.0,4.0,34.0,89.0,59.0,89.0
280,tob04212.88_tob04213.01.page_2..png,-16,74.0,76.0,-74,280,74.0,45.0,75.0,0.0,61.0,1.0
281,2063927529_7531.page_1..png,-38,-38.0,-38.0,39,281,-38.0,-38.0,-38.0,1.0,1.0,1.0
282,50155115-5121.page_0..png,-22,-22.0,-20.0,22,282,-22.0,-21.0,-21.0,0.0,1.0,1.0
283,520559380+-9412.page_8..png,-47,-49.0,41.0,-41,283,-47.0,-18.0,-4.0,2.0,31.0,45.0
284,85635457_85635463.page_6..png,-61,-61.0,31.0,62,284,-61.0,-30.0,-15.0,1.0,32.0,47.0
285,2060308056.page_0..png,-78,-78.0,-81.0,79,285,-78.0,-79.0,-79.5,1.0,0.0,89.5
286,2040279811.page_0..png,-81,-81.0,-83.0,81,286,-81.0,-82.0,-82.0,0.0,89.0,89.0
287,502269065_502269067.page_0..png,-25,64.0,67.0,-65,287,64.0,35.0,65.5,89.0,60.0,0.5
288,2029192984.page_0..png,-36,53.0,52.0,37,288,52.0,23.0,52.5,89.0,60.0,89.5
289,2051509780_2051509782.page_0..png,-54,36.0,36.0,-36,289,36.0,6.0,36.0,0.0,60.0,0.0
290,1001760087.page_0..png,-52,-52.0,-53.0,52,290,-52.0,-52.0,-52.5,0.0,0.0,89.5
291,2057352862.page_0..png,-59,-59.0,-61.0,59,291,-59.0,-60.0,-60.0,0.0,89.0,89.0
292,2057427340.page_0..png,-63,27.0,-61.0,-27,292,-61.0,-32.0,-17.0,2.0,31.0,46.0
293,501621607_501621614.page_1..png,-1,89.0,89.0,-89,293,89.0,59.0,89.0,0.0,60.0,0.0
294,503753937_503753955.page_8..png,-71,19.0,17.0,-19,294,17.0,-12.0,18.0,88.0,59.0,89.0
295,1003365397.page_0..png,-20,-20.0,-18.0,20,295,-20.0,-19.0,-19.0,0.0,1.0,1.0
296,0000022529.page_0..png,-17,-17.0,-15.0,17,296,-17.0,-16.0,-16.0,0.0,1.0,1.0
297,71122664.page_2..png,-38,-38.0,-39.0,-52,297,-38.0,-38.0,-38.5,0.0,0.0,89.5
298,2064968671_8678.page_0..png,-26,-26.0,-24.0,26,298,-26.0,-25.0,-25.0,0.0,1.0,1.0
299,0001480347.page_4..png,-7,-7.0,-6.0,7,299,-7.0,-7.0,-6.5,0.0,0.0,0.5
300,2071137850_7851.page_1..png,-61,29.0,-63.0,61,300,-61.0,-32.0,-17.0,0.0,29.0,44.0
301,2057668694.page_0..png,-22,69.0,71.0,-68,301,69.0,39.0,70.0,1.0,61.0,2.0
302,87252060_87252076.page_8..png,-9,82.0,84.0,-81,302,82.0,52.0,83.0,1.0,61.0,2.0
303,504231244_504231261.page_8..png,-48,-48.0,-49.0,48,303,-48.0,-48.0,-48.5,0.0,0.0,89.5
304,2040279823.page_0..png,-13,-12.0,-15.0,-78,304,-13.0,-13.0,-13.5,89.0,89.0,88.5
305,94135694.page_0..png,-49,-48.0,-49.0,49,305,-49.0,-49.0,-48.5,0.0,0.0,0.5
306,1002968870_8891.page_4..png,-34,56.0,-36.0,-56,306,-34.0,-5.0,10.0,0.0,29.0,44.0
307,0011652731.page_0..png,-43,-43.0,47.0,43,307,-43.0,-13.0,2.0,0.0,30.0,45.0
308,506613724+-3725.page_1..png,-40,48.0,51.0,-50,308,48.0,20.0,49.5,88.0,60.0,89.5
309,0012190945.page_9..png,-41,-40.0,-40.0,41,309,-40.0,-40.0,-40.0,1.0,1.0,1.0
310,82233851_3852.page_0..png,-44,46.0,47.0,-46,310,46.0,16.0,46.5,0.0,60.0,0.5
311,518609966+-9970.page_1..png,-50,40.0,40.0,-40,311,40.0,10.0,40.0,0.0,60.0,0.0
312,50646501-6511.page_4..png,-49,41.0,41.0,-41,312,41.0,11.0,41.0,0.0,60.0,0.0
313,0011845782.page_1..png,-31,-32.0,58.0,31,313,-31.0,-2.0,13.0,0.0,29.0,44.0
314,0060347663.page_0..png,-71,19.0,17.0,-19,314,17.0,-12.0,18.0,88.0,59.0,89.0
315,2505914920_4952.page_3..png,-39,-39.0,-40.0,-51,315,-39.0,-39.0,-39.5,0.0,0.0,89.5
316,527826773+-6773.page_0..png,-90,89.0,90.0,90,316,89.0,30.0,89.5,89.0,30.0,89.5
317,2040279818.page_0..png,0,89.0,-89.0,0,317,0.0,0.0,0.0,0.0,0.0,0.0
318,1001760073.page_0..png,-19,-19.0,69.0,19,318,-19.0,10.0,25.0,0.0,29.0,44.0
319,2015029497_2015029502.page_2..png,-70,-70.0,-72.0,70,319,-70.0,-71.0,-71.0,0.0,89.0,89.0
320,2074729464.page_0..png,-11,78.0,81.0,-79,320,78.0,49.0,79.5,89.0,60.0,0.5
321,528804615+-4616.page_0..png,-36,54.0,55.0,-54,321,54.0,24.0,54.5,0.0,60.0,0.5
322,03671715.page_0..png,-49,41.0,-49.0,-41,322,-49.0,-19.0,-4.0,0.0,30.0,45.0
323,520559380+-9412.page_4..png,-70,21.0,24.0,69,323,21.0,-8.0,22.5,0.0,61.0,1.5
324,2040279798.page_0..png,-10,-10.0,-9.0,10,324,-10.0,-10.0,-9.5,0.0,0.0,0.5
325,2057226604_2057226625.page_0..png,-78,12.0,11.0,-12,325,11.0,-18.0,11.5,89.0,60.0,89.5
326,503753937_503753955.page_4..png,-74,16.0,14.0,-16,326,14.0,-15.0,15.0,88.0,59.0,89.0
327,2505112508_2509.page_0..png,-88,2.0,2.0,-2,327,2.0,-28.0,2.0,0.0,60.0,0.0
328,2024991442.page_0..png,-77,-77.0,-80.0,77,328,-77.0,-78.0,-78.5,0.0,89.0,88.5
329,2057427339.page_0..png,-46,44.0,44.0,-44,329,44.0,14.0,44.0,0.0,60.0,0.0
330,2505377202_7236.page_3..png,-20,-20.0,-18.0,20,330,-20.0,-19.0,-19.0,0.0,1.0,1.0
331,87252060_87252076.page_4..png,-54,37.0,-53.0,-35,331,-53.0,-23.0,-8.0,2.0,32.0,47.0
332,2022215580_5581.page_0..png,-11,-11.0,-10.0,11,332,-11.0,-11.0,-10.5,0.0,0.0,0.5
333,517545270+-5273.page_2..png,-76,-77.0,-74.0,-14,333,-76.0,-76.0,-75.5,0.0,0.0,0.5
334,0060362437.page_0..png,-16,-16.0,-14.0,16,334,-16.0,-15.0,-15.0,0.0,1.0,1.0
335,89803142_3163.page_2..png,-59,31.0,30.0,-31,335,30.0,1.0,30.5,89.0,60.0,89.5
336,503456952_503456953.page_0..png,-87,4.0,3.0,-3,336,3.0,-27.0,3.5,0.0,60.0,0.5
337,0060333598.page_0..png,-46,44.0,44.0,-44,337,44.0,14.0,44.0,0.0,60.0,0.0
338,0001480347.page_8..png,-88,-88.0,-88.0,87,338,-88.0,-88.0,-88.0,89.0,89.0,89.0
339,2085172253.page_0..png,-41,49.0,50.0,-49,339,49.0,19.0,49.5,0.0,60.0,0.5
340,503067043_503067045.page_2..png,-72,-71.0,-74.0,72,340,-72.0,-72.0,-72.5,0.0,0.0,89.5
341,0001110795.page_0..png,-62,28.0,31.0,62,341,28.0,-1.0,29.5,0.0,61.0,1.5
342,504231244_504231261.page_4..png,-47,42.0,43.0,-43,342,42.0,13.0,42.5,89.0,60.0,89.5
343,0000976672.page_1..png,-3,-3.0,-4.0,-87,343,-3.0,-3.0,-3.5,0.0,0.0,89.5
344,82404700_4701.page_1..png,-32,58.0,60.0,-58,344,58.0,29.0,59.0,0.0,61.0,1.0
345,2056446229_6230.page_0..png,-4,86.0,-6.0,-86,345,-4.0,25.0,40.0,0.0,29.0,44.0
346,50083272_50083289.page_3..png,-67,23.0,-65.0,-23,346,-65.0,-36.0,-21.0,2.0,31.0,46.0
347,2071595566_5589.page_6..png,-23,-23.0,-21.0,23,347,-23.0,-22.0,-22.0,0.0,1.0,1.0
348,1003813838_3847.page_0..png,-13,-13.0,-11.0,13,348,-13.0,-12.0,-12.0,0.0,1.0,1.0
349,1002968870_8891.page_8..png,-8,82.0,84.0,-83,349,82.0,53.0,83.0,89.0,60.0,0.0
350,0060338336.page_0..png,-50,39.0,40.0,-40,350,39.0,10.0,39.5,89.0,60.0,89.5
351,2084390799c.page_0..png,-84,6.0,5.0,-6,351,5.0,-24.0,5.5,89.0,60.0,89.5
352,2040279784.page_0..png,-7,82.0,84.0,-83,352,82.0,53.0,83.0,89.0,60.0,0.0
353,517005649+-5685.page_3..png,-45,45.0,45.0,45,353,45.0,15.0,45.0,0.0,60.0,0.0
354,0060236175.page_0..png,-59,-7.0,-6.0,7,354,-7.0,-24.0,-6.5,0.0,73.0,0.5
355,93805146_5147.page_1..png,-44,-44.0,-44.0,45,355,-44.0,-44.0,-44.0,1.0,1.0,1.0
356,80409639_9803.page_1..png,-70,-70.0,-73.0,70,356,-70.0,-71.0,-71.5,0.0,89.0,88.5
357,2069731269.page_0..png,-77,-77.0,-79.0,77,357,-77.0,-78.0,-78.0,0.0,89.0,89.0
358,528408942+-8948.page_1..png,-3,-3.0,-3.0,3,358,-3.0,-3.0,-3.0,0.0,0.0,0.0
359,0012190945.page_5..png,-85,-85.0,6.0,86,359,-85.0,-55.0,-39.5,1.0,31.0,46.5
360,2040279779.page_0..png,-68,-68.0,-70.0,68,360,-68.0,-69.0,-69.0,0.0,89.0,89.0
361,500708871_500708873.page_2..png,-62,-61.0,-64.0,62,361,-62.0,-62.0,-62.5,0.0,0.0,89.5
362,95602682.page_0..png,-20,70.0,68.0,20,362,68.0,39.0,69.0,88.0,59.0,89.0
363,2040279804.page_0..png,-34,-34.0,-33.0,34,363,-34.0,-34.0,-33.5,0.0,0.0,0.5
364,50646501-6511.page_8..png,-16,-17.0,-15.0,16,364,-16.0,-16.0,-16.0,0.0,0.0,0.0
365,0071012752.page_0..png,-41,48.0,-42.0,-49,365,-41.0,-12.0,3.0,0.0,29.0,44.0
366,528936961+-6984.page_1..png,-52,-52.0,-53.0,52,366,-52.0,-52.0,-52.5,0.0,0.0,89.5
367,0001448657.page_3..png,-5,84.0,-7.0,-85,367,-5.0,24.0,38.5,0.0,29.0,43.5
368,CTRSP-FILES015878-58.page_0..png,-89,1.0,-5.0,-1,368,-5.0,-31.0,-2.0,84.0,58.0,87.0
369,0001246471.page_0..png,-16,-16.0,72.0,16,369,-16.0,13.0,28.0,0.0,29.0,44.0
370,2042847651_7652.page_1..png,-54,-54.0,35.0,-36,370,-54.0,-24.0,-9.5,0.0,30.0,44.5
371,2505914920_4952.page_0..png,-70,-70.0,-68.0,-20,371,-70.0,-69.0,-69.0,0.0,1.0,1.0
372,2072964182.page_0..png,-89,89.0,90.0,90,372,89.0,30.0,89.5,89.0,30.0,89.5
373,2060308058.page_0..png,-85,4.0,4.0,-5,373,4.0,-26.0,4.0,89.0,59.0,89.0
374,1001760074.page_0..png,-55,-56.0,34.0,-35,374,-55.0,-26.0,-11.0,0.0,29.0,44.0
375,0011566484.page_4..png,-16,-15.0,-14.0,16,375,-15.0,-15.0,-14.5,1.0,1.0,1.5
376,2015029497_2015029502.page_1..png,-39,-39.0,-39.0,39,376,-39.0,-39.0,-39.0,0.0,0.0,0.0
377,tnwl0010003.page_0..png,-90,0.0,-1.0,0,377,-1.0,-30.0,-0.5,89.0,60.0,89.5
378,2057226604_2057226625.page_3..png,-16,-15.0,72.0,16,378,-15.0,14.0,28.5,1.0,30.0,44.5
379,513207747.page_0..png,-26,-26.0,-25.0,26,379,-26.0,-26.0,-25.5,0.0,0.0,0.5
380,520559380+-9412.page_7..png,-65,-67.0,21.0,-23,380,-65.0,-37.0,-23.0,2.0,30.0,44.0
381,0060178492.page_1..png,-56,34.0,36.0,56,381,34.0,5.0,35.0,0.0,61.0,1.0
382,503753937_503753955.page_7..png,-37,53.0,54.0,-53,382,53.0,23.0,53.5,0.0,60.0,0.5
383,2505600664.page_0..png,-68,-68.0,-71.0,68,383,-68.0,-69.0,-69.5,0.0,89.0,88.5
384,85701356.page_0..png,-40,49.0,51.0,-50,384,49.0,20.0,50.0,89.0,60.0,0.0
385,89803142_3163.page_1..png,-69,21.0,19.0,-21,385,19.0,-10.0,20.0,88.0,59.0,89.0
386,517545270+-5273.page_1..png,-20,-21.0,-19.0,20,386,-20.0,-20.0,-20.0,0.0,0.0,0.0
387,0000386832.page_1..png,-82,9.0,-83.0,82,387,-82.0,-52.0,-37.0,0.0,30.0,45.0
388,2505377202_7236.page_0..png,-70,19.0,-68.0,-19,388,-68.0,-40.0,-24.5,3.0,31.0,46.5
389,87252060_87252076.page_7..png,-41,50.0,-41.0,-49,389,-41.0,-11.0,4.5,0.0,30.0,45.5
390,0000512254.page_4..png,-90,0.0,90.0,90,390,0.0,0.0,45.0,0.0,0.0,45.0
391,514986978_514986984.page_4..png,-11,-11.0,-10.0,11,391,-11.0,-11.0,-10.5,0.0,0.0,0.5
392,503067043_503067045.page_1..png,-59,-59.0,-61.0,59,392,-59.0,-60.0,-60.0,0.0,89.0,89.0
393,1003365385.page_0..png,-50,-50.0,-51.0,50,393,-50.0,-50.0,-50.5,0.0,0.0,89.5
394,0000976672.page_2..png,-31,59.0,-33.0,-59,394,-31.0,-2.0,13.0,0.0,29.0,44.0
395,504231244_504231261.page_7..png,-89,-89.0,-89.0,89,395,-89.0,-89.0,-89.0,0.0,0.0,0.0
396,519028268+-8269.page_0..png,-18,71.0,74.0,-72,396,71.0,42.0,72.5,89.0,60.0,0.5
397,91565609_91565610.page_1..png,-50,-50.0,-51.0,49,397,-50.0,-50.0,-50.5,89.0,89.0,88.5
398,1003813838_3847.page_3..png,-21,-21.0,-19.0,21,398,-21.0,-20.0,-20.0,0.0,1.0,1.0
399,2074681045.page_0..png,-83,7.0,6.0,-7,399,6.0,-23.0,6.5,89.0,60.0,89.5
400,50083272_50083289.page_0..png,-1,88.0,89.0,-89,400,88.0,59.0,88.5,89.0,60.0,89.5
401,2071595566_5589.page_5..png,-88,-88.0,-89.0,88,401,-88.0,-88.0,-88.5,0.0,0.0,89.5
402,0000142858.page_0..png,-68,-68.0,25.0,68,402,-68.0,-37.0,-21.5,0.0,31.0,46.5
403,2071627333c_7334.page_0..png,-66,24.0,22.0,-24,403,22.0,-7.0,23.0,88.0,59.0,89.0
404,0000121157.page_0..png,-52,-51.0,40.0,51,404,-51.0,-21.0,-5.5,0.0,30.0,45.5
405,517005649+-5685.page_0..png,-6,84.0,-5.0,6,405,-5.0,24.0,39.5,1.0,30.0,45.5
406,0012190945.page_6..png,-49,-48.0,42.0,49,406,-48.0,-18.0,-3.0,1.0,31.0,46.0
407,528408942+-8948.page_2..png,-89,1.0,1.0,-1,407,1.0,-29.0,1.0,0.0,60.0,0.0
408,80409639_9803.page_2..png,-41,-40.0,-40.0,40,408,-40.0,-40.0,-40.0,0.0,0.0,0.0
409,2040279783.page_0..png,-67,-67.0,21.0,-23,409,-67.0,-38.0,-23.0,0.0,29.0,44.0
410,0060074316.page_0..png,-11,-11.0,-9.0,11,410,-11.0,-10.0,-10.0,0.0,1.0,1.0
411,0001448657.page_0..png,-17,-17.0,-15.0,17,411,-17.0,-16.0,-16.0,0.0,1.0,1.0
412,0071012752.page_3..png,-71,-71.0,-74.0,71,412,-71.0,-72.0,-72.5,0.0,89.0,88.5
413,528936961+-6984.page_2..png,-38,-38.0,51.0,38,413,-38.0,-8.0,6.5,0.0,30.0,44.5
414,500708871_500708873.page_1..png,-76,14.0,-73.0,-14,414,-73.0,-45.0,-29.5,3.0,31.0,46.5
415,2040279803.page_0..png,-32,-32.0,-31.0,32,415,-32.0,-32.0,-31.5,0.0,0.0,0.5
416,50717440-7446.page_5..png,-25,65.0,68.0,-66,416,65.0,36.0,66.5,89.0,60.0,0.5
417,tob04212.88_tob04213.01.page_1..png,-21,-19.0,67.0,21,417,-19.0,9.0,24.0,2.0,30.0,45.0
418,2063927529_7531.page_2..png,-44,45.0,46.0,-45,418,45.0,16.0,45.5,0.0,61.0,0.5
419,50562621-2627.page_2..png,-89,-89.0,-89.0,89,419,-89.0,-89.0,-89.0,0.0,0.0,0.0
420,0060356379.page_0..png,-27,62.0,-29.0,-63,420,-27.0,2.0,16.5,0.0,29.0,43.5
421,2040279796.page_0..png,-62,28.0,26.0,-28,421,26.0,-3.0,27.0,88.0,59.0,89.0
422,50155115-5121.page_3..png,-43,-42.0,-43.0,43,422,-43.0,-43.0,-42.5,0.0,0.0,0.5
423,1001760080.page_0..png,-74,-74.0,14.0,-16,423,-74.0,-45.0,-30.0,0.0,29.0,44.0
424,85635457_85635463.page_5..png,-54,36.0,-29.0,-36,424,-29.0,-16.0,3.5,25.0,38.0,57.5
425,2060308051.page_0..png,-20,-19.0,-18.0,20,425,-19.0,-19.0,-18.5,1.0,1.0,1.5
426,2040279816.page_0..png,-29,-29.0,-31.0,-61,426,-29.0,-30.0,-30.0,0.0,89.0,89.0
427,01121672_01121674.page_0..png,-30,-30.0,-29.0,30,427,-30.0,-30.0,-29.5,0.0,0.0,0.5
428,501621607_501621614.page_2..png,-54,36.0,-53.0,-36,428,-53.0,-24.0,-8.5,1.0,30.0,45.5
429,1003365390.page_0..png,-27,-27.0,-26.0,27,429,-27.0,-27.0,-26.5,0.0,0.0,0.5
430,71122664.page_1..png,-40,-40.0,-41.0,-50,430,-40.0,-40.0,-40.5,0.0,0.0,89.5
431,2064968671_8678.page_3..png,-69,-69.0,-72.0,69,431,-69.0,-70.0,-70.5,0.0,89.0,88.5
432,88547482_88547483.page_1..png,-18,-18.0,-16.0,18,432,-18.0,-17.0,-17.0,0.0,1.0,1.0
433,0000022529.page_3..png,-68,-68.0,-66.0,-21,433,-68.0,-67.0,-67.0,1.0,2.0,2.0
434,1003042972.page_0..png,-83,6.0,5.0,-7,434,5.0,-24.0,5.5,88.0,59.0,88.5
435,0001480347.page_7..png,-41,49.0,50.0,-49,435,49.0,19.0,49.5,0.0,60.0,0.5
436,92627658.page_0..png,-85,-83.0,-86.0,85,436,-85.0,-85.0,-84.5,0.0,0.0,0.5
437,2057427337.page_0..png,-37,53.0,54.0,-53,437,53.0,23.0,53.5,0.0,60.0,0.5
438,98096498.page_0..png,-70,-72.0,-75.0,72,438,-72.0,-72.0,-73.5,0.0,0.0,88.5
439,2040279824.page_0..png,-69,-69.0,-67.0,-21,439,-69.0,-68.0,-68.0,0.0,1.0,1.0
440,0060126263.page_0..png,-30,-30.0,58.0,30,440,-30.0,-1.0,14.0,0.0,29.0,44.0
441,50500495-0496.page_1..png,-12,-13.0,75.0,13,441,-12.0,17.0,31.0,1.0,30.0,44.0
442,2071280577_0578.page_0..png,-37,-37.0,-36.0,37,442,-37.0,-37.0,-36.5,0.0,0.0,0.5
443,60015492.page_0..png,-61,29.0,28.0,-29,443,28.0,-1.0,28.5,89.0,60.0,89.5
444,1002968870_8891.page_7..png,-75,15.0,13.0,-15,444,13.0,-16.0,14.0,88.0,59.0,89.0
445,514132976_514132982.page_4..png,-64,-64.0,-62.0,-26,445,-64.0,-63.0,-63.0,0.0,1.0,1.0
446,2071595566_5589.page_9..png,-51,39.0,38.0,-39,446,38.0,9.0,38.5,89.0,60.0,89.5
447,518609966+-9970.page_2..png,-55,-55.0,37.0,55,447,-55.0,-24.0,-9.0,0.0,31.0,46.0
448,0000944710.page_0..png,-68,-67.0,-70.0,68,448,-68.0,-68.0,-68.5,0.0,0.0,89.5
449,0030044869.page_1..png,-43,47.0,48.0,-47,449,47.0,17.0,47.5,0.0,60.0,0.5
450,2040794231.page_0..png,-81,-80.0,-79.0,-10,450,-80.0,-80.0,-79.5,0.0,0.0,0.5
451,0011845782.page_2..png,-10,-9.0,80.0,8,451,-9.0,20.0,35.5,89.0,28.0,43.5
452,50646501-6511.page_7..png,-37,-36.0,-36.0,37,452,-36.0,-36.0,-36.0,1.0,1.0,1.0
453,0060347663.page_2..png,-19,-18.0,-17.0,19,453,-18.0,-18.0,-17.5,1.0,1.0,1.5
454,1000243358.page_0..png,-62,-66.0,-68.0,66,454,-66.0,-65.0,-67.0,0.0,1.0,89.0
455,2057427332.page_0..png,-5,-5.0,-4.0,5,455,-5.0,-5.0,-4.5,0.0,0.0,0.5
456,0011845782.page_3..png,-44,-44.0,46.0,44,456,-44.0,-14.0,1.0,0.0,30.0,45.0
457,50646501-6511.page_6..png,-22,-45.0,-46.0,46,457,-45.0,-38.0,-45.5,1.0,8.0,0.5
458,0030044869.page_0..png,-48,-48.0,-49.0,49,458,-48.0,-48.0,-48.5,1.0,1.0,0.5
459,518609966+-9970.page_3..png,-28,62.0,64.0,-62,459,62.0,33.0,63.0,0.0,61.0,1.0
460,1003365395.page_0..png,-66,24.0,22.0,-24,460,22.0,-7.0,23.0,88.0,59.0,89.0
461,2040279813.page_0..png,-3,-3.0,-3.0,3,461,-3.0,-3.0,-3.0,0.0,0.0,0.0
462,521538675+-8675.page_0..png,-55,-56.0,-57.0,55,462,-56.0,-56.0,-56.5,89.0,89.0,88.5
463,1001760078.page_0..png,-14,75.0,78.0,-76,463,75.0,46.0,76.5,89.0,60.0,0.5
464,2060308054.page_0..png,-14,76.0,78.0,-75,464,76.0,47.0,77.0,1.0,62.0,2.0
465,2028672102.page_0..png,-66,-66.0,-68.0,64,465,-66.0,-67.0,-67.0,88.0,87.0,87.0
466,2071595566_5589.page_8..png,-17,73.0,75.0,-73,466,73.0,44.0,74.0,0.0,61.0,1.0
467,2023601532.page_0..png,-72,18.0,16.0,-18,467,16.0,-13.0,17.0,88.0,59.0,89.0
468,2071280577_0578.page_1..png,-29,61.0,63.0,-61,468,61.0,32.0,62.0,0.0,61.0,1.0
469,1002968870_8891.page_6..png,-40,51.0,52.0,-51,469,51.0,21.0,51.5,0.0,60.0,0.5
470,1001760085.page_0..png,-6,83.0,85.0,-84,470,83.0,54.0,84.0,89.0,60.0,0.0
471,514132976_514132982.page_5..png,-41,49.0,49.0,41,471,49.0,19.0,49.0,0.0,60.0,0.0
472,87789350.page_0..png,-4,-5.0,-4.0,5,472,-4.0,-4.0,-4.5,1.0,1.0,0.5
473,2040279793.page_0..png,-18,71.0,-17.0,18,473,-17.0,12.0,27.0,1.0,30.0,45.0
474,0060126263.page_1..png,-73,17.0,16.0,-17,474,16.0,-13.0,16.5,89.0,60.0,89.5
475,50500495-0496.page_0..png,-75,15.0,13.0,-16,475,13.0,-16.0,14.0,87.0,58.0,88.0
476,2040794228.page_0..png,-78,11.0,14.0,78,476,11.0,-18.0,12.5,89.0,60.0,0.5
477,00040506.page_0..png,-90,0.0,90.0,90,477,0.0,0.0,45.0,0.0,0.0,45.0
478,2022913660.page_0..png,-19,-19.0,-17.0,19,478,-19.0,-18.0,-18.0,0.0,1.0,1.0
479,0001480347.page_6..png,0,-89.0,90.0,90,479,0.0,0.0,0.5,0.0,0.0,0.5
480,71122664.page_0..png,-26,64.0,62.0,26,480,62.0,33.0,63.0,88.0,59.0,89.0
481,88547482_88547483.page_0..png,-87,-86.0,-87.0,87,481,-87.0,-87.0,-86.5,0.0,0.0,0.5
482,2064968671_8678.page_2..png,-7,-8.0,-7.0,8,482,-7.0,-7.0,-7.5,1.0,1.0,0.5
483,0000022529.page_2..png,-62,28.0,26.0,-28,483,26.0,-3.0,27.0,88.0,59.0,89.0
484,01121672_01121674.page_1..png,-89,1.0,1.0,-1,484,1.0,-29.0,1.0,0.0,60.0,0.0
485,96161160.page_0..png,-77,13.0,11.0,-13,485,11.0,-18.0,12.0,88.0,59.0,89.0
486,501621607_501621614.page_3..png,-15,-15.0,73.0,15,486,-15.0,14.0,29.0,0.0,29.0,44.0
487,2072010092.page_0..png,-82,8.0,7.0,-8,487,7.0,-22.0,7.5,89.0,60.0,89.5
488,2051509780_2051509782.page_2..png,-18,72.0,74.0,-72,488,72.0,43.0,73.0,0.0,61.0,1.0
489,1003365389.page_0..png,-19,-19.0,-17.0,19,489,-19.0,-18.0,-18.0,0.0,1.0,1.0
490,502269065_502269067.page_2..png,-35,-35.0,54.0,35,490,-35.0,-5.0,9.5,0.0,30.0,44.5
491,530474767+-4769.page_0..png,-39,-39.0,50.0,39,491,-39.0,-9.0,5.5,0.0,30.0,44.5
492,50155115-5121.page_2..png,-57,33.0,32.0,-33,492,32.0,3.0,32.5,89.0,60.0,89.5
493,85635457_85635463.page_4..png,-77,-77.0,-79.0,78,493,-77.0,-78.0,-78.0,1.0,0.0,0.0
494,2040279821.page_0..png,-16,73.0,70.0,16,494,70.0,42.0,71.5,86.0,58.0,87.5
495,514824962.page_0..png,-81,9.0,8.0,-9,495,8.0,-21.0,8.5,89.0,60.0,89.5
496,tob04212.88_tob04213.01.page_0..png,-75,-73.0,17.0,75,496,-73.0,-44.0,-28.0,2.0,31.0,47.0
497,50717440-7446.page_4..png,-64,25.0,24.0,-26,497,24.0,-5.0,24.5,88.0,59.0,88.5
498,50562621-2627.page_3..png,-60,30.0,28.0,-30,498,28.0,-1.0,29.0,88.0,59.0,89.0
499,0001246471.page_2..png,-21,68.0,71.0,-69,499,68.0,39.0,69.5,89.0,60.0,0.5
500,0001448657.page_1..png,-42,47.0,-43.0,-48,500,-42.0,-13.0,2.0,0.0,29.0,44.0
501,0071012752.page_2..png,-78,-77.0,-76.0,-12,501,-77.0,-77.0,-76.5,1.0,1.0,1.5
502,528936961+-6984.page_3..png,-15,-15.0,-18.0,-75,502,-15.0,-16.0,-16.5,0.0,89.0,88.5
503,500708871_500708873.page_0..png,-6,-6.0,85.0,-84,503,-6.0,24.0,39.5,0.0,30.0,45.5
504,0012190945.page_7..png,-7,83.0,-9.0,-83,504,-7.0,22.0,37.0,0.0,29.0,44.0
505,528408942+-8948.page_3..png,-71,-71.0,22.0,71,505,-71.0,-40.0,-24.5,0.0,31.0,46.5
506,80409639_9803.page_3..png,-57,-58.0,-60.0,57,506,-58.0,-58.0,-59.0,89.0,89.0,88.0
507,2071627333c_7334.page_1..png,-32,-32.0,-31.0,32,507,-32.0,-32.0,-31.5,0.0,0.0,0.5
508,517005649+-5685.page_1..png,-36,-36.0,55.0,-54,508,-36.0,-6.0,9.5,0.0,30.0,45.5
509,83594048.page_0..png,-37,53.0,55.0,-53,509,53.0,24.0,54.0,0.0,61.0,1.0
510,91565609_91565610.page_0..png,-17,72.0,74.0,-73,510,72.0,43.0,73.0,89.0,60.0,0.0
511,0000048717.page_0..png,-75,-76.0,-78.0,76,511,-76.0,-76.0,-77.0,0.0,0.0,89.0
512,1003813838_3847.page_2..png,-83,-83.0,-84.0,83,512,-83.0,-83.0,-83.5,0.0,0.0,89.5
513,50083272_50083289.page_1..png,-13,76.0,79.0,-77,513,76.0,47.0,77.5,89.0,60.0,0.5
514,2071595566_5589.page_4..png,-86,4.0,4.0,-4,514,4.0,-26.0,4.0,0.0,60.0,0.0
515,0000142858.page_1..png,-79,-78.0,-81.0,79,515,-79.0,-79.0,-79.5,0.0,0.0,89.5
516,0000976672.page_3..png,-80,10.0,-78.0,-10,516,-78.0,-49.0,-34.0,2.0,31.0,46.0
517,2048394132a.page_0..png,-32,-32.0,-31.0,32,517,-32.0,-32.0,-31.5,0.0,0.0,0.5
518,519028268+-8269.page_1..png,-22,67.0,70.0,-68,518,67.0,38.0,68.5,89.0,60.0,0.5
519,504231244_504231261.page_6..png,-55,35.0,-54.0,-35,519,-54.0,-25.0,-9.5,1.0,30.0,45.5
520,503067043_503067045.page_0..png,-36,54.0,55.0,-54,520,54.0,24.0,54.5,0.0,60.0,0.5
521,2040279806.page_0..png,-89,-88.0,-89.0,89,521,-89.0,-89.0,-88.5,0.0,0.0,0.5
522,0000512254.page_5..png,-33,-32.0,-34.0,-58,522,-33.0,-33.0,-33.0,89.0,89.0,89.0
523,514986978_514986984.page_5..png,-88,-88.0,-89.0,88,523,-88.0,-88.0,-88.5,0.0,0.0,89.5
524,89803142_3163.page_0..png,-52,-52.0,-53.0,52,524,-52.0,-52.0,-52.5,0.0,0.0,89.5
525,517545270+-5273.page_0..png,-46,-46.0,44.0,46,525,-46.0,-16.0,-1.0,0.0,30.0,45.0
526,0000386832.page_0..png,-47,-47.0,43.0,-43,526,-47.0,-17.0,-2.0,0.0,30.0,45.0
527,2505377202_7236.page_1..png,-58,-56.0,31.0,-32,527,-56.0,-28.0,-12.5,2.0,30.0,45.5
528,87252060_87252076.page_6..png,-82,-80.0,-82.0,82,528,-82.0,-81.0,-81.0,0.0,1.0,1.0
529,2040279786.page_0..png,-81,-81.0,8.0,-9,529,-81.0,-51.0,-36.5,0.0,30.0,44.5
530,1005074451.page_0..png,-7,84.0,85.0,-83,530,84.0,54.0,84.5,1.0,61.0,1.5
531,2057444861.page_0..png,-2,-3.0,-3.0,2,531,-3.0,-3.0,-3.0,89.0,89.0,89.0
532,0060178492.page_0..png,-85,5.0,-86.0,85,532,-85.0,-55.0,-40.5,0.0,30.0,44.5
533,503753937_503753955.page_6..png,-58,31.0,30.0,-32,533,30.0,1.0,30.5,88.0,59.0,88.5
534,2057226604_2057226625.page_2..png,-11,79.0,81.0,-79,534,79.0,50.0,80.0,0.0,61.0,1.0
535,520559380+-9412.page_6..png,-77,15.0,18.0,75,535,15.0,-15.0,16.5,0.0,60.0,1.5
536,PUBLICATIONS041617B-.page_0..png,-2,-2.0,-2.0,2,536,-2.0,-2.0,-2.0,0.0,0.0,0.0
537,0060070037.page_0..png,-90,-2.0,-2.0,-89,537,-2.0,-31.0,-2.0,89.0,60.0,89.0
538,2015029497_2015029502.page_0..png,-24,66.0,68.0,-66,538,66.0,37.0,67.0,0.0,61.0,1.0
539,0000570853.page_0..png,-78,12.0,11.0,-12,539,11.0,-18.0,11.5,89.0,60.0,89.5
540,2022950555.page_0..png,-83,6.0,6.0,-6,540,6.0,-24.0,6.0,0.0,60.0,0.0
541,2505914920_4952.page_1..png,-75,-75.0,-73.0,-15,541,-75.0,-74.0,-74.0,0.0,1.0,1.0
542,50717440-7446.page_3..png,-79,-79.0,-81.0,79,542,-79.0,-80.0,-80.0,0.0,89.0,89.0
543,tob04212.88_tob04213.01.page_7..png,-3,-1.0,-3.0,3,543,-3.0,-2.0,-2.0,0.0,1.0,1.0
544,2065578036.page_0..png,-58,32.0,31.0,-32,544,31.0,2.0,31.5,89.0,60.0,89.5
545,2063273387.page_0..png,-3,87.0,86.0,3,545,86.0,57.0,86.5,89.0,60.0,89.5
546,50562621-2627.page_4..png,-88,-88.0,-89.0,88,546,-88.0,-88.0,-88.5,0.0,0.0,89.5
547,2057226604_2057226625.page_9..png,0,0.0,1.0,0,547,0.0,0.0,0.5,0.0,0.0,0.5
548,0060193517.page_0..png,-45,-44.0,-45.0,45,548,-45.0,-45.0,-44.5,0.0,0.0,0.5
549,50155115-5121.page_5..png,-59,-59.0,-61.0,59,549,-59.0,-60.0,-60.0,0.0,89.0,89.0
550,85635457_85635463.page_3..png,-90,0.0,-1.0,0,550,-1.0,-30.0,-0.5,89.0,60.0,89.5
551,00488341.page_0..png,0,-89.0,90.0,90,551,0.0,0.0,0.5,0.0,0.0,0.5
552,501621607_501621614.page_4..png,-68,-67.0,-70.0,68,552,-68.0,-68.0,-68.5,0.0,0.0,89.5
553,92076408.page_0..png,-75,-74.0,-72.0,-16,553,-74.0,-74.0,-73.0,0.0,0.0,1.0
554,2064968671_8678.page_5..png,-1,88.0,89.0,-89,554,88.0,59.0,88.5,89.0,60.0,89.5
555,2084346234_6236.page_0..png,-34,56.0,58.0,-56,555,56.0,27.0,57.0,0.0,61.0,1.0
556,2040279805.page_0..png,-55,-55.0,37.0,55,556,-55.0,-24.0,-9.0,0.0,31.0,46.0
557,0001480347.page_1..png,-49,41.0,41.0,-41,557,41.0,11.0,41.0,0.0,60.0,0.0
558,1003725608.page_0..png,-61,29.0,31.0,60,558,29.0,-0.0,30.0,89.0,60.0,0.0
559,0012946634.page_0..png,-2,-2.0,-2.0,2,559,-2.0,-2.0,-2.0,0.0,0.0,0.0
560,2040279785.page_0..png,-61,-61.0,-63.0,61,560,-61.0,-62.0,-62.0,0.0,89.0,89.0
561,0000976672.page_8..png,-63,-63.0,-65.0,63,561,-63.0,-64.0,-64.0,0.0,89.0,89.0
562,2040279799.page_0..png,-57,-57.0,-59.0,57,562,-57.0,-58.0,-58.0,0.0,89.0,89.0
563,0060252965.page_1..png,-49,-47.0,41.0,-41,563,-47.0,-18.0,-3.0,2.0,31.0,46.0
564,2040279819.page_0..png,-43,46.0,46.0,43,564,46.0,16.0,46.0,89.0,59.0,89.0
565,514132976_514132982.page_2..png,-72,18.0,-70.0,-18,565,-70.0,-41.0,-26.0,2.0,31.0,46.0
566,1000034534.page_0..png,-63,-63.0,-65.0,63,566,-63.0,-64.0,-64.0,0.0,89.0,89.0
567,1002968870_8891.page_1..png,-32,-33.0,-32.0,33,567,-32.0,-32.0,-32.5,1.0,1.0,0.5
568,1003813838_3847.page_9..png,-43,-43.0,-43.0,43,568,-43.0,-43.0,-43.0,0.0,0.0,0.0
569,50575868-5869.page_1..png,-62,28.0,26.0,-28,569,26.0,-3.0,27.0,88.0,59.0,89.0
570,0060132905.page_4..png,-87,-87.0,3.0,-3,570,-87.0,-57.0,-42.0,0.0,30.0,45.0
571,2023240672.page_0..png,-25,65.0,67.0,-65,571,65.0,36.0,66.0,0.0,61.0,1.0
572,2074125247.page_0..png,-19,70.0,-42.0,-71,572,-19.0,3.0,14.0,0.0,22.0,33.0
573,80409639_9803.page_8..png,-12,77.0,-15.0,-78,573,-12.0,17.0,31.0,0.0,29.0,43.0
574,2071906594_6597.page_2..png,-29,-29.0,-27.0,29,574,-29.0,-28.0,-28.0,0.0,1.0,1.0
575,518211401.page_0..png,-60,30.0,29.0,-30,575,29.0,-0.0,29.5,89.0,60.0,89.5
576,2073182195_2196.page_0..png,-25,65.0,67.0,-65,576,65.0,36.0,66.0,0.0,61.0,1.0
577,2000598263_2000598264.page_1..png,-4,0.0,87.0,-86,577,0.0,28.0,43.5,4.0,32.0,47.5
578,518609966+-9970.page_4..png,-80,-79.0,13.0,80,578,-79.0,-49.0,-33.0,1.0,31.0,47.0
579,0000089057.page_0..png,-48,-47.0,44.0,47,579,-47.0,-17.0,-1.5,0.0,30.0,45.5
580,2057427338.page_0..png,-40,50.0,51.0,-50,580,50.0,20.0,50.5,0.0,60.0,0.5
581,528936961+-6984.page_8..png,-28,62.0,60.0,28,581,60.0,31.0,61.0,88.0,59.0,89.0
582,50646501-6511.page_1..png,-84,6.0,5.0,-6,582,5.0,-24.0,5.5,89.0,60.0,89.5
583,2073826671.page_0..png,-31,59.0,61.0,-59,583,59.0,30.0,60.0,0.0,61.0,1.0
584,2505914920_4952.page_6..png,-8,-9.0,-11.0,-82,584,-9.0,-9.0,-10.0,89.0,89.0,88.0
585,0001462717.page_2..png,-85,-84.0,-84.0,-5,585,-84.0,-84.0,-84.0,1.0,1.0,1.0
586,0011566484.page_2..png,-11,-11.0,-10.0,11,586,-11.0,-11.0,-10.5,0.0,0.0,0.5
587,500291652+-1654.page_1..png,-54,36.0,-55.0,54,587,-54.0,-24.0,-9.5,0.0,30.0,44.5
588,2083349914.page_0..png,-22,-22.0,-21.0,23,588,-22.0,-22.0,-21.5,1.0,1.0,1.5
589,2057226604_2057226625.page_5..png,-81,10.0,9.0,-9,589,9.0,-21.0,9.5,0.0,60.0,0.5
590,2040279822.page_0..png,-50,40.0,41.0,49,590,40.0,10.0,40.5,89.0,59.0,89.5
591,520559380+-9412.page_1..png,-29,-29.0,59.0,29,591,-29.0,0.0,15.0,0.0,29.0,44.0
592,2072980679.page_0..png,-45,45.0,45.0,-45,592,45.0,15.0,45.0,0.0,60.0,0.0
593,0000146964.page_0..png,-43,46.0,47.0,-47,593,46.0,17.0,46.5,89.0,60.0,89.5
594,0000442848.page_0..png,-49,41.0,41.0,-41,594,41.0,11.0,41.0,0.0,60.0,0.0
595,503753937_503753955.page_1..png,-4,85.0,87.0,-86,595,85.0,56.0,86.0,89.0,60.0,0.0
596,94575684-a.page_0..png,-20,-20.0,-17.0,20,596,-20.0,-19.0,-18.5,0.0,1.0,1.5
597,0011978671.page_0..png,-73,17.0,16.0,-17,597,16.0,-13.0,16.5,89.0,60.0,89.5
598,2085057826.page_0..png,-6,-6.0,82.0,6,598,-6.0,23.0,38.0,0.0,29.0,44.0
599,89803142_3163.page_7..png,-41,49.0,50.0,-49,599,49.0,19.0,49.5,0.0,60.0,0.5
600,87252060_87252076.page_1..png,-50,-49.0,41.0,50,600,-49.0,-19.0,-4.0,1.0,31.0,46.0
601,2505377202_7236.page_6..png,-47,-47.0,44.0,47,601,-47.0,-17.0,-1.5,0.0,30.0,45.5
602,514986978_514986984.page_2..png,-38,-38.0,-37.0,37,602,-38.0,-38.0,-37.5,89.0,89.0,89.5
603,0000512254.page_2..png,-32,-31.0,-33.0,-59,603,-32.0,-32.0,-32.0,89.0,89.0,89.0
604,1001760086.page_0..png,-28,61.0,64.0,-62,604,61.0,32.0,62.5,89.0,60.0,0.5
605,2076900691.page_0..png,-70,20.0,18.0,-20,605,18.0,-11.0,19.0,88.0,59.0,89.0
606,0000976672.page_4..png,-4,85.0,87.0,-86,606,85.0,56.0,86.0,89.0,60.0,0.0
607,0060153778.page_0..png,-28,-28.0,60.0,28,607,-28.0,1.0,16.0,0.0,29.0,44.0
608,2060308057.page_0..png,-25,65.0,68.0,-65,608,65.0,36.0,66.5,0.0,61.0,1.5
609,504231244_504231261.page_1..png,-26,63.0,66.0,-64,609,63.0,34.0,64.5,89.0,60.0,0.5
610,2040279810.page_0..png,-64,-64.0,-66.0,64,610,-64.0,-65.0,-65.0,0.0,89.0,89.0
611,1003813838_3847.page_5..png,-69,-69.0,-72.0,70,611,-69.0,-70.0,-70.5,1.0,0.0,89.5
612,50083272_50083289.page_6..png,-23,67.0,-25.0,-67,612,-23.0,6.0,21.0,0.0,29.0,44.0
613,2071595566_5589.page_3..png,-15,-15.0,-13.0,15,613,-15.0,-14.0,-14.0,0.0,1.0,1.0
614,2040279790.page_0..png,-36,-36.0,-35.0,36,614,-36.0,-36.0,-35.5,0.0,0.0,0.5
615,520255977+-5977.page_0..png,-6,83.0,85.0,-84,615,83.0,54.0,84.0,89.0,60.0,0.0
616,2048256446.page_0..png,-82,8.0,7.0,-9,616,7.0,-22.0,7.5,88.0,59.0,88.5
617,0060173048.page_1..png,-59,-58.0,33.0,59,617,-58.0,-28.0,-12.5,1.0,31.0,46.5
618,2505570035_0037.page_1..png,-35,-35.0,-32.0,-55,618,-35.0,-34.0,-33.5,0.0,1.0,1.5
619,517005649+-5685.page_6..png,-79,-79.0,-77.0,-11,619,-79.0,-78.0,-78.0,0.0,1.0,1.0
620,80409639_9803.page_4..png,-61,30.0,29.0,-31,620,29.0,-1.0,29.5,88.0,58.0,88.5
621,0012190945.page_0..png,-72,-34.0,-36.0,-55,621,-36.0,-47.0,-35.0,89.0,78.0,0.0
622,528408942+-8948.page_4..png,-6,-6.0,-5.0,6,622,-6.0,-6.0,-5.5,0.0,0.0,0.5
623,509519820_509519824.page_0..png,-89,-85.0,2.0,89,623,-85.0,-57.0,-41.5,4.0,32.0,47.5
624,0060079830.page_0..png,-38,-38.0,-37.0,38,624,-38.0,-38.0,-37.5,0.0,0.0,0.5
625,528936961+-6984.page_4..png,-50,40.0,-51.0,50,625,-50.0,-20.0,-5.5,0.0,30.0,44.5
626,0001448657.page_6..png,-14,75.0,78.0,-76,626,75.0,46.0,76.5,89.0,60.0,0.5
627,1003365396.page_0..png,-74,-74.0,-76.0,74,627,-74.0,-75.0,-75.0,0.0,89.0,89.0
628,2046972697.page_0..png,-66,24.0,22.0,-24,628,22.0,-7.0,23.0,88.0,59.0,89.0
629,0071012752.page_4..png,-13,76.0,79.0,-77,629,76.0,47.0,77.5,89.0,60.0,0.5
630,528936961+-6984.page_5..png,-35,55.0,54.0,35,630,54.0,25.0,54.5,89.0,60.0,89.5
631,2040279809.page_0..png,-18,-18.0,-16.0,18,631,-18.0,-17.0,-17.0,0.0,1.0,1.0
632,0001448657.page_7..png,-18,71.0,74.0,-72,632,71.0,42.0,72.5,89.0,60.0,0.5
633,80409639_9803.page_5..png,0,0.0,-1.0,-1,633,0.0,-0.0,-0.5,89.0,89.0,88.5
634,0012190945.page_1..png,-58,33.0,-56.0,-32,634,-56.0,-27.0,-11.5,2.0,31.0,46.5
635,528408942+-8948.page_5..png,-68,22.0,20.0,-22,635,20.0,-9.0,21.0,88.0,59.0,89.0
636,509519820_509519824.page_1..png,-58,-58.0,34.0,58,636,-58.0,-27.0,-12.0,0.0,31.0,46.0
637,2040279789.page_0..png,-23,66.0,-22.0,23,637,-22.0,7.0,22.0,1.0,30.0,45.0
638,2505570035_0037.page_0..png,-87,-86.0,-88.0,87,638,-87.0,-87.0,-87.0,0.0,0.0,0.0
639,517005649+-5685.page_7..png,-81,9.0,11.0,81,639,9.0,-20.0,10.0,0.0,61.0,1.0
640,2021651159.page_0..png,-37,53.0,54.0,-53,640,53.0,23.0,53.5,0.0,60.0,0.5
641,0060173048.page_0..png,-14,-14.0,-12.0,14,641,-14.0,-13.0,-13.0,0.0,1.0,1.0
642,11013011.page_0..png,-21,-21.0,71.0,-69,642,-21.0,10.0,25.0,0.0,31.0,46.0
643,1003813838_3847.page_4..png,-66,24.0,22.0,-24,643,22.0,-7.0,23.0,88.0,59.0,89.0
644,50083272_50083289.page_7..png,-58,30.0,31.0,-32,644,30.0,1.0,30.5,88.0,59.0,88.5
645,2071595566_5589.page_2..png,-11,79.0,81.0,-79,645,79.0,50.0,80.0,0.0,61.0,1.0
646,0000976672.page_5..png,-85,5.0,-86.0,85,646,-85.0,-55.0,-40.5,0.0,30.0,44.5
647,0060153778.page_1..png,-28,62.0,64.0,-62,647,62.0,33.0,63.0,0.0,61.0,1.0
648,504231244_504231261.page_0..png,-43,-43.0,47.0,43,648,-43.0,-13.0,2.0,0.0,30.0,45.0
649,528679625+-9627.page_2..png,-30,60.0,62.0,-60,649,60.0,31.0,61.0,0.0,61.0,1.0
650,2022222262.page_0..png,-14,-15.0,78.0,-76,650,-14.0,16.0,31.5,0.0,30.0,45.5
651,514986978_514986984.page_3..png,-50,-49.0,-49.0,-41,651,-49.0,-49.0,-49.0,0.0,0.0,0.0
652,0000512254.page_3..png,-85,-84.0,8.0,84,652,-84.0,-54.0,-38.0,0.0,30.0,46.0
653,89803142_3163.page_6..png,-18,-18.0,-16.0,18,653,-18.0,-17.0,-17.0,0.0,1.0,1.0
654,87252060_87252076.page_0..png,-90,0.0,-1.0,-89,654,-1.0,-30.0,-0.5,0.0,61.0,0.5
655,2505377202_7236.page_7..png,-60,30.0,28.0,-30,655,28.0,-1.0,29.0,88.0,59.0,89.0
656,2065574179.page_0..png,-22,-22.0,-20.0,22,656,-22.0,-21.0,-21.0,0.0,1.0,1.0
657,1003365393.page_0..png,-9,80.0,82.0,-81,657,80.0,51.0,81.0,89.0,60.0,0.0
658,2057427334.page_0..png,-22,68.0,70.0,-68,658,68.0,39.0,69.0,0.0,61.0,1.0
659,0011978671.page_1..png,-71,19.0,-68.0,-18,659,-68.0,-40.0,-24.5,4.0,32.0,47.5
660,0060273815.page_0..png,-90,89.0,90.0,-90,660,89.0,30.0,89.5,89.0,30.0,89.5
661,503753937_503753955.page_0..png,-44,-43.0,-45.0,-46,661,-44.0,-44.0,-44.0,0.0,0.0,0.0
662,2057226604_2057226625.page_4..png,-29,-28.0,-27.0,29,662,-28.0,-28.0,-27.5,1.0,1.0,1.5
663,2040279795.page_0..png,-89,-89.0,-89.0,89,663,-89.0,-89.0,-89.0,0.0,0.0,0.0
664,0000146964.page_1..png,-3,86.0,88.0,-87,664,86.0,57.0,87.0,89.0,60.0,0.0
665,520559380+-9412.page_0..png,0,-89.0,90.0,0,665,0.0,0.0,0.5,0.0,0.0,0.5
666,0011566484.page_3..png,-55,35.0,34.0,-35,666,34.0,5.0,34.5,89.0,60.0,89.5
667,525204147+-4147.page_0..png,-77,13.0,-74.0,-13,667,-74.0,-46.0,-30.5,3.0,31.0,46.5
668,2042015448.page_0..png,-63,28.0,-61.0,-27,668,-61.0,-32.0,-16.5,2.0,31.0,46.5
669,2040279815.page_0..png,-78,12.0,11.0,-12,669,11.0,-18.0,11.5,89.0,60.0,89.5
670,2060308052.page_0..png,-15,74.0,77.0,-76,670,74.0,45.0,75.5,88.0,59.0,89.5
671,500291652+-1654.page_0..png,-16,74.0,76.0,-74,671,74.0,45.0,75.0,0.0,61.0,1.0
672,2505914920_4952.page_7..png,-77,12.0,15.0,77,672,12.0,-17.0,13.5,89.0,60.0,0.5
673,1001760083.page_0..png,-23,-23.0,-22.0,23,673,-23.0,-23.0,-22.5,0.0,0.0,0.5
674,tnwl0029651.page_0..png,-46,-46.0,-46.0,46,674,-46.0,-46.0,-46.0,0.0,0.0,0.0
675,0001462717.page_3..png,-23,-22.0,65.0,23,675,-22.0,7.0,21.5,1.0,30.0,44.5
676,528936961+-6984.page_9..png,-4,-4.0,85.0,4,676,-4.0,26.0,40.5,0.0,30.0,44.5
677,50646501-6511.page_0..png,-49,41.0,41.0,-40,677,41.0,11.0,41.0,1.0,61.0,1.0
678,0060200963.page_2..png,-6,84.0,-5.0,6,678,-5.0,24.0,39.5,1.0,30.0,45.5
679,0012189510.page_0..png,-56,31.0,29.0,-31,679,29.0,1.0,30.0,88.0,60.0,89.0
680,2040279800.page_0..png,-43,-43.0,-43.0,43,680,-43.0,-43.0,-43.0,0.0,0.0,0.0
681,80409639_9803.page_9..png,-57,30.0,29.0,-32,681,29.0,1.0,29.5,87.0,59.0,87.5
682,0001139209.page_0..png,-7,83.0,-6.0,7,682,-6.0,23.0,38.5,1.0,30.0,45.5
683,2071906594_6597.page_3..png,-16,73.0,76.0,-74,683,73.0,44.0,74.5,89.0,60.0,0.5
684,2073182195_2196.page_1..png,-86,4.0,3.0,-4,684,3.0,-26.0,3.5,89.0,60.0,89.5
685,2000598263_2000598264.page_0..png,-65,-65.0,-67.0,65,685,-65.0,-66.0,-66.0,0.0,89.0,89.0
686,1003813838_3847.page_8..png,-16,-16.0,-14.0,16,686,-16.0,-15.0,-15.0,0.0,1.0,1.0
687,50575868-5869.page_0..png,-14,76.0,78.0,-76,687,76.0,47.0,77.0,0.0,61.0,1.0
688,1000087501.page_0..png,-67,23.0,21.0,-23,688,21.0,-8.0,22.0,88.0,59.0,89.0
689,518654703.page_0..png,-13,-13.0,-12.0,13,689,-13.0,-13.0,-12.5,0.0,0.0,0.5
690,0060132905.page_5..png,-41,-41.0,-41.0,41,690,-41.0,-41.0,-41.0,0.0,0.0,0.0
691,2078345222.page_0..png,-53,-53.0,-54.0,53,691,-53.0,-53.0,-53.5,0.0,0.0,89.5
692,0060252965.page_0..png,-58,-58.0,-60.0,58,692,-58.0,-59.0,-59.0,0.0,89.0,89.0
693,512682804.page_0..png,-56,33.0,33.0,-34,693,33.0,3.0,33.0,89.0,59.0,89.0
694,2076861386_1388.page_2..png,-60,30.0,28.0,-30,694,28.0,-1.0,29.0,88.0,59.0,89.0
695,1003365386.page_0..png,-61,-61.0,-63.0,61,695,-61.0,-62.0,-62.0,0.0,89.0,89.0
696,514132976_514132982.page_3..png,-82,-82.0,7.0,-8,696,-82.0,-52.0,-37.5,0.0,30.0,44.5
697,1002968870_8891.page_0..png,-26,65.0,67.0,-65,697,65.0,35.0,66.0,0.0,60.0,1.0
698,0000976672.page_9..png,-33,-33.0,-32.0,33,698,-33.0,-33.0,-32.5,0.0,0.0,0.5
699,2046231932.page_0..png,-84,6.0,5.0,-6,699,5.0,-24.0,5.5,89.0,60.0,89.5
700,0001480347.page_0..png,-88,1.0,2.0,-1,700,1.0,-28.0,1.5,0.0,61.0,0.5
701,2064968671_8678.page_4..png,-41,49.0,50.0,-49,701,49.0,19.0,49.5,0.0,60.0,0.5
702,2084346234_6236.page_1..png,-15,74.0,77.0,-74,702,74.0,45.0,75.5,0.0,61.0,1.5
703,2077452651b.page_0..png,-12,-12.0,-11.0,12,703,-12.0,-12.0,-11.5,0.0,0.0,0.5
704,501621607_501621614.page_5..png,-24,-24.0,64.0,24,704,-24.0,5.0,20.0,0.0,29.0,44.0
705,2057226604_2057226625.page_8..png,-67,24.0,22.0,-23,705,22.0,-7.0,23.0,89.0,60.0,0.0
706,0060193517.page_1..png,-4,-63.0,-65.0,63,706,-63.0,-44.0,-64.0,0.0,19.0,89.0
707,1001760077.page_0..png,-65,-64.0,-66.0,64,707,-65.0,-65.0,-65.0,89.0,89.0,89.0
708,0060261304.page_0..png,-81,7.0,8.0,-9,708,7.0,-22.0,7.5,88.0,59.0,88.5
709,50155115-5121.page_4..png,-81,-81.0,-83.0,81,709,-81.0,-82.0,-82.0,0.0,89.0,89.0
710,521024891+-4891.page_0..png,-25,64.0,67.0,-65,710,64.0,35.0,65.5,89.0,60.0,0.5
711,501981707.page_0..png,-29,-29.0,-27.0,29,711,-29.0,-28.0,-28.0,0.0,1.0,1.0
712,85635457_85635463.page_2..png,-48,42.0,42.0,-42,712,42.0,12.0,42.0,0.0,60.0,0.0
713,2040794227.page_0..png,-2,87.0,87.0,2,713,87.0,57.0,87.0,89.0,59.0,89.0
714,0060169506.page_2..png,-56,33.0,33.0,-34,714,33.0,3.0,33.0,89.0,59.0,89.0
715,tob04212.88_tob04213.01.page_6..png,-40,51.0,-41.0,-50,715,-40.0,-10.0,5.0,0.0,30.0,45.0
716,50717440-7446.page_2..png,-55,-55.0,-57.0,55,716,-55.0,-56.0,-56.0,0.0,89.0,89.0
717,12893369.page_0..png,-49,40.0,-49.0,-41,717,-49.0,-19.0,-4.5,0.0,30.0,44.5
718,50562621-2627.page_5..png,-47,-46.0,-47.0,46,718,-47.0,-47.0,-46.5,89.0,89.0,89.5
